{"940GZZDLABR":[51.531926,0.003737],"910GABWDXR":[51.491284,0.121087],"910GACTONML":[51.51718,-0.266756],"940GZZLUACT":[51.503057,-0.280462],"940GZZLUALD":[51.514246,-0.075689],"940GZZLUADE":[51.515037,-0.072384],"940GZZDLALL":[51.511,-0.013135],"940GZZLUALP":[51.540627,-0.29961],"940GZZLUAMS":[51.674126,-0.607714],"940GZZLUAGL":[51.532624,-0.105898],"940GZZLUACY":[51.565478,-0.134819],"940GZZLUASG":[51.616446,-0.133062],"940GZZLUASL":[51.558655,-0.107457],"940GZZLUBST":[51.522883,-0.15713],"940GZZLUBLM":[51.443288,-0.152997],"940GZZLUBNK":[51.51225,-0.087792],"940GZZDLBNK":[51.513233,-0.088515],"940GZZLUBBN":[51.520275,-0.097993],"940GZZLUBKG":[51.539321,0.081053],"940GZZLUBKE":[51.585689,0.088585],"940GZZLUBSC":[51.490311,-0.213427],"940GZZBPSUST":[51.479932,-0.142142],"940GZZLUBWT":[51.512284,-0.187938],"940GZZDLBEC":[51.514362,0.061453],"940GZZDLBPK":[51.508793,0.054932],"940GZZLUBEC":[51.540331,0.127016],"940GZZLUBZP":[51.550529,-0.164783],"940GZZLUBMY":[51.49775,-0.063993],"940GZZLUBLG":[51.527222,-0.055506],"940GZZLUBKF":[51.511581,-0.103659],"940GZZLUBLR":[51.586919,-0.04115],"940GZZDLBLA":[51.507991,-0.006969],"940GZZLUBND":[51.514304,-0.149723],"910GBONDST":[51.51369,-0.149517],"940GZZLUBOR":[51.501199,-0.09337],"940GZZLUBOS":[51.495635,-0.324939],"940GZZLUBDS":[51.607034,-0.124235],"940GZZDLBOW":[51.527858,-0.020936],"940GZZLUBWR":[51.52694,-0.025128],"940GZZLUBTX":[51.57665,-0.213622],"910GBRTWOOD":[51.613605,0.299586],"940GZZLUBXN":[51.462618,-0.114888],"940GZZLUBBB":[51.524839,-0.011538],"940GZZLUBKH":[51.626605,0.046757],"910GBNHAM":[51.523506,-0.646374],"940GZZLUBTK":[51.602774,-0.264048],"940GZZLUCAR":[51.548519,-0.118493],"940GZZLUCTN":[51.539292,-0.14274],"940GZZLUCWR":[51.497931,-0.049405],"940GZZLUCYF":[51.503488,-0.018246],"940GZZDLCAN":[51.504838,-0.020997],"910GCANWHRF":[51.506321,-0.018815],"940GZZLUCGT":[51.513584,0.008322],"940GZZDLCGT":[51.514127,0.008101],"940GZZLUCST":[51.51151,-0.090432],"940GZZLUCPK":[51.607701,-0.294693],"910GCHDWLHT":[51.568039,0.128958],"940GZZLUCAL":[51.667985,-0.560689],"940GZZLUCFM":[51.544118,-0.153388],"940GZZLUCHL":[51.518247,-0.111583],"940GZZLUCHX":[51.50741,-0.127277],"940GZZLUCSM":[51.705208,-0.611247],"940GZZLUCWL":[51.617916,0.075041],"940GZZLUCWP":[51.494627,-0.267972],"940GZZLUCYD":[51.654358,-0.518461],"940GZZLUCPC":[51.461742,-0.138317],"940GZZLUCPN":[51.465135,-0.130016],"940GZZLUCPS":[51.452654,-0.147582],"940GZZLUCKS":[51.65152,-0.149171],"940GZZLUCND":[51.595424,-0.249919],"940GZZLUCSD":[51.41816,-0.178086],"940GZZLUCGN":[51.513093,-0.124436],"940GZZDLCLA":[51.495728,-0.014606],"940GZZLUCXY":[51.647044,-0.441718],"910GCUSTMHS":[51.509769,0.02673],"940GZZDLCUS":[51.509716,0.026699],"940GZZDLCUT":[51.481671,-0.01081],"940GZZDLCYP":[51.508473,0.063925],"940GZZLUDGE":[51.544096,0.166017],"940GZZLUDGY":[51.541639,0.147527],"940GZZLUDBN":[51.645386,0.083782],"940GZZDLDEP":[51.474215,-0.022438],"940GZZDLDEV":[51.522667,-0.017615],"940GZZLUDOH":[51.551955,-0.239068],"940GZZLUEBY":[51.515017,-0.301457],"910GEALINGB":[51.514841,-0.301752],"940GZZLUECM":[51.51014,-0.288265],"940GZZLUECT":[51.492063,-0.193378],"940GZZLUEAN":[51.516612,-0.247248],"940GZZLUEFY":[51.587131,-0.165012],"940GZZLUEHM":[51.538948,0.051186],"940GZZDLEIN":[51.509359,-0.002326],"940GZZLUEPY":[51.459205,-0.211],"940GZZLUEAE":[51.576506,-0.397373],"940GZZLUEGW":[51.613653,-0.274928],"940GZZLUERB":[51.520299,-0.17015],"940GZZLUERC":[51.519858,-0.167832],"940GZZLUEAC":[51.494536,-0.100606],"940GZZLUEPK":[51.549775,0.19864],"940GZZDLELV":[51.469074,-0.016728],"940GZZLUEMB":[51.507058,-0.122666],"940GZZLUEPG":[51.69368,0.113767],"940GZZLUEUS":[51.528344,-0.1323],"940GZZLUESQ":[51.525604,-0.135829],"940GZZLUFLP":[51.595618,0.091004],"940GZZLUFCN":[51.520252,-0.104913],"910GFRNDXR":[51.520444,-0.105092],"940GZZLUFYC":[51.600921,-0.192527],"940GZZLUFYR":[51.546825,-0.179845],"940GZZLUFPK":[51.564158,-0.106825],"910GFRSTGT":[51.549432,0.024353],"940GZZLUFBY":[51.480081,-0.195422],"940GZZDLGAL":[51.508941,0.071555],"940GZZLUGTH":[51.576544,0.066185],"910GGIDEAPK":[51.581904,0.205964],"940GZZLUGTR":[51.494316,-0.182658],"940GZZLUGGN":[51.572259,-0.194039],"940GZZLUGHK":[51.502005,-0.226715],"940GZZLUGDG":[51.520599,-0.134361],"910GGODMAYS":[51.565579,0.110807],"940GZZLUGGH":[51.613378,0.092066],"940GZZLUGPS":[51.52384,-0.144262],"940GZZLUGPK":[51.506947,-0.142787],"940GZZLUGFD":[51.542424,-0.34605],"940GZZDLGRE":[51.478087,-0.013673],"940GZZLUGBY":[51.491803,-0.275267],"940GZZLUHLT":[51.603659,0.093482],"940GZZLUHSD":[51.4923,-0.22362],"940GZZLUHSC":[51.49339,-0.22503],"940GZZLUHTD":[51.556239,-0.177464],"940GZZLUHGR":[51.530177,-0.292704],"910GHANWELL":[51.511835,-0.338583],"940GZZLUHSN":[51.53631,-0.257883],"910GHRLDWOD":[51.592766,0.233129],"940GZZLUHAW":[51.592268,-0.335217],"940GZZLUHOH":[51.579195,-0.337225],"940GZZLUHNX":[51.466747,-0.423191],"910GHAYESAH":[51.503096,-0.420683],"940GZZLUHR4":[51.458524,-0.445771],"910GHTRWTM4":[51.458268,-0.445463],"940GZZLUHR5":[51.470052,-0.49056],"910GHTRWTM5":[51.470053,-0.490589],"940GZZLUHRC":[51.471235,-0.452265],"910GHTRWAPT":[51.471987,-0.454788],"940GZZLUHCL":[51.583301,-0.226424],"940GZZDLHEQ":[51.503379,-0.021421],"940GZZLUHBT":[51.650541,-0.194298],"940GZZLUHSK":[51.501055,-0.192792],"940GZZLUHAI":[51.54635,-0.103324],"940GZZLUHGT":[51.577532,-0.145857],"940GZZLUHGD":[51.553715,-0.449828],"940GZZLUHBN":[51.51758,-0.120475],"940GZZLUHPK":[51.507143,-0.205679],"940GZZLUHWY":[51.552697,-0.113244],"940GZZLUHCH":[51.554093,0.219116],"940GZZLUHWC":[51.471295,-0.366578],"940GZZLUHWE":[51.473213,-0.356474],"940GZZLUHWT":[51.473469,-0.386544],"940GZZLUHPC":[51.503035,-0.152441],"940GZZLUICK":[51.561992,-0.442001],"910GILFORD":[51.559118,0.06968],"940GZZDLISL":[51.487811,-0.010139],"910GIVER":[51.508503,-0.506726],"940GZZLUKNG":[51.488337,-0.105963],"940GZZLUKSL":[51.530539,-0.225016],"940GZZLUKOY":[51.497624,-0.210015],"940GZZLUKSH":[51.550312,-0.140733],"940GZZLUKEN":[51.581756,-0.31691],"940GZZLUKWG":[51.477058,-0.285241],"940GZZLUKBN":[51.547183,-0.204248],"940GZZLUKPK":[51.534979,-0.194232],"940GZZDLKGV":[51.502003,0.062624],"940GZZLUKSX":[51.530663,-0.123194],"940GZZLUKBY":[51.584845,-0.27879],"940GZZLUKNB":[51.501669,-0.160508],"940GZZLULAD":[51.517449,-0.210391],"940GZZLULBN":[51.498808,-0.112315],"940GZZLULGT":[51.511723,-0.175494],"940GZZDLLDP":[51.515172,-0.01415],"910GLANGLEY":[51.508062,-0.541756],"940GZZLULRD":[51.513389,-0.217799],"940GZZLULSQ":[51.511386,-0.128426],"940GZZDLLEW":[51.464665,-0.012874],"940GZZLULYN":[51.556589,-0.005523],"940GZZLULYS":[51.568324,0.008194],"940GZZDLLIM":[51.512393,-0.039809],"940GZZLULVT":[51.517372,-0.083182],"910GLIVSTLL":[51.517722,-0.082043],"940GZZLULNB":[51.505721,-0.088873],"940GZZDLLCA":[51.503416,0.048739],"910GLIVST":[51.517991,-0.081426],"910GPADTON":[51.515996,-0.176174],"940GZZLULGN":[51.641443,0.055476],"940GZZLUMVL":[51.529777,-0.185758],"910GMDNHEAD":[51.518669,-0.72266],"940GZZLUMRH":[51.570738,-0.096118],"910GMANRPK":[51.552477,0.046342],"940GZZLUMSH":[51.512117,-0.094009],"940GZZLUMBA":[51.513424,-0.158953],"910GMRYLAND":[51.546081,0.005815],"940GZZLUMYB":[51.522322,-0.163207],"940GZZLUMED":[51.525122,-0.03364],"940GZZLUMHL":[51.608229,-0.209986],"940GZZLUMMT":[51.5107,-0.085969],"940GZZLUMPK":[51.629845,-0.432454],"940GZZLUMGT":[51.518176,-0.088322],"940GZZLUMDN":[51.402142,-0.194839],"940GZZLUMTC":[51.534679,-0.138789],"940GZZDLMUD":[51.490704,-0.014738],"940GZZLUNDN":[51.553986,-0.249837],"940GZZLUNBP":[51.575726,0.090004],"940GZZNEUGST":[51.479912,-0.128476],"940GZZLUNAN":[51.523524,-0.259755],"940GZZLUNEN":[51.517505,-0.288868],"940GZZLUNGW":[51.50047,0.004287],"940GZZLUNHA":[51.584872,-0.362408],"940GZZLUNWY":[51.562551,-0.304],"940GZZLUNFD":[51.499319,-0.314719],"940GZZLUNHT":[51.548236,-0.368699],"940GZZLUNKP":[51.578481,-0.318056],"940GZZLUNOW":[51.611053,-0.423829],"940GZZLUNWH":[51.600572,-0.409464],"940GZZLUNHG":[51.509128,-0.196104],"940GZZLUOAK":[51.647726,-0.132182],"940GZZLUODS":[51.525864,-0.08777],